{"cameraMode":{"drawMode":0,"name":"Shaded","section":"Shading Mode"},"sceneLighting":true,"audioPlay":false,"sceneViewState":{"showFog":false,"showMaterialUpdate":true,"showSkybox":true,"showFlares":true,"showImageEffects":true,"showParticleSystems":true},"in2DMode":false,"pivot":{"x":533.009033203125,"y":207.42465209960938,"z":-116.99440002441406},"rotation":{"x":0.030303403735160829,"y":0.010486576706171036,"z":-0.0003251937450841069,"w":0.9995099306106567},"size":287.15069580078127,"orthographic":false}